"neg_0.png","0"
"neg_1.png","0"
"neg_2.png","0"
"neg_3.png","0"
"neg_4.png","0"
"neg_5.png","0"
"neg_6.png","0"
"neg_7.png","0"
"neg_8.png","0"
"neg_9.png","0"
"neg_10.png","0"
"neg_11.png","0"
"neg_12.png","0"
"neg_13.png","0"
"neg_14.png","0"
"neg_15.png","0"
"neg_16.png","0"
"neg_17.png","0"
"neg_18.png","0"
"neg_19.png","0"
"neg_20.png","0"
"neg_21.png","0"
"neg_22.png","0"
"neg_23.png","0"
"neg_24.png","0"
"neg_25.png","0"
"neg_26.png","0"
"neg_27.png","0"
"neg_28.png","0"
"neg_29.png","0"
"neg_30.png","0"
"neg_31.png","0"
"neg_32.png","0"
"neg_33.png","0"
"neg_34.png","0"
"neg_35.png","0"
"neg_36.png","0"
"neg_37.png","0"
"neg_38.png","0"
"neg_39.png","0"
"neg_40.png","0"
"neg_41.png","0"
"neg_42.png","0"
"neg_43.png","0"
"neg_44.png","0"
"neg_45.png","0"
"neg_46.png","0"
"neg_47.png","0"
"neg_48.png","0"
"neg_49.png","0"
"neg_50.png","0"
"neg_51.png","0"
"neg_52.png","0"
"neg_53.png","0"
"neg_54.png","0"
"neg_55.png","0"
"neg_56.png","0"
"neg_57.png","0"
"neg_58.png","0"
"neg_59.png","0"
"neg_60.png","0"
"neg_61.png","0"
"neg_62.png","0"
"neg_63.png","0"
"neg_64.png","0"
"neg_65.png","0"
"neg_66.png","0"
"neg_67.png","0"
"neg_68.png","0"
"neg_69.png","0"
"neg_70.png","0"
"neg_71.png","0"
"neg_72.png","0"
"neg_73.png","0"
"neg_74.png","0"
"neg_75.png","0"
"neg_76.png","0"
"neg_77.png","0"
"neg_78.png","0"
"neg_79.png","0"
"neg_80.png","0"
"neg_81.png","0"
"neg_82.png","0"
"neg_83.png","0"
"neg_84.png","0"
"neg_85.png","0"
"neg_86.png","0"
"neg_87.png","0"
"neg_88.png","0"
"neg_89.png","0"
"neg_90.png","0"
"neg_91.png","0"
"neg_92.png","0"
"neg_93.png","0"
"neg_94.png","0"
"neg_95.png","0"
"neg_96.png","0"
"neg_97.png","0"
"neg_98.png","0"
"neg_99.png","0"
"neg_100.png","0"
"neg_101.png","0"
"neg_102.png","0"
"neg_103.png","0"
"neg_104.png","0"
"neg_105.png","0"
"neg_106.png","0"
"neg_107.png","0"
"neg_108.png","0"
"neg_109.png","0"
"neg_110.png","0"
"neg_111.png","0"
"neg_112.png","0"
"neg_113.png","0"
"neg_114.png","0"
"neg_115.png","0"
"neg_116.png","0"
"neg_117.png","0"
"neg_118.png","0"
"neg_119.png","0"
"neg_120.png","0"
"neg_121.png","0"
"neg_122.png","0"
"neg_123.png","0"
"neg_124.png","0"
"neg_125.png","0"
"neg_126.png","0"
"neg_127.png","0"
"neg_128.png","0"
"neg_129.png","0"
"neg_130.png","0"
"neg_131.png","0"
"neg_132.png","0"
"neg_133.png","0"
"neg_134.png","0"
"neg_135.png","0"
"neg_136.png","0"
"neg_137.png","0"
"neg_138.png","0"
"neg_139.png","0"
"neg_140.png","0"
"neg_141.png","0"
"neg_142.png","0"
"neg_143.png","0"
"neg_144.png","0"
"neg_145.png","0"
"neg_146.png","0"
"neg_147.png","0"
"neg_148.png","0"
"neg_149.png","0"
"neg_150.png","0"
"neg_151.png","0"
"neg_152.png","0"
"neg_153.png","0"
"neg_154.png","0"
"neg_155.png","0"
"neg_156.png","0"
"neg_157.png","0"
"neg_158.png","0"
"neg_159.png","0"
"neg_160.png","0"
"neg_161.png","0"
"neg_162.png","0"
"neg_163.png","0"
"neg_164.png","0"
"neg_165.png","0"
"neg_166.png","0"
"neg_167.png","0"
"neg_168.png","0"
"neg_169.png","0"
"neg_170.png","0"
"neg_171.png","0"
"neg_172.png","0"
"neg_173.png","0"
"neg_174.png","0"
"neg_175.png","0"
"neg_176.png","0"
"neg_177.png","0"
"neg_178.png","0"
"neg_179.png","0"
"neg_180.png","0"
"neg_181.png","0"
"neg_182.png","0"
"neg_183.png","0"
"neg_184.png","0"
"neg_185.png","0"
"neg_186.png","0"
"neg_187.png","0"
"neg_188.png","0"
"neg_189.png","0"
"neg_190.png","0"
"neg_191.png","0"
"neg_192.png","0"
"neg_193.png","0"
"neg_194.png","0"
"neg_195.png","0"
"neg_196.png","0"
"neg_197.png","0"
"neg_198.png","0"
"neg_199.png","0"
"neg_200.png","0"
"neg_201.png","0"
"neg_202.png","0"
"neg_203.png","0"
"neg_204.png","0"
"neg_205.png","0"
"neg_206.png","0"
"neg_207.png","0"
"neg_208.png","0"
"neg_209.png","0"
"neg_210.png","0"
"neg_211.png","0"
"neg_212.png","0"
"neg_213.png","0"
"neg_214.png","0"
"neg_215.png","0"
"neg_216.png","0"
"neg_217.png","0"
"neg_218.png","0"
"neg_219.png","0"
"neg_220.png","0"
"neg_221.png","0"
"neg_222.png","0"
"neg_223.png","0"
"neg_224.png","0"
"neg_225.png","0"
"neg_226.png","0"
"neg_227.png","0"
"neg_228.png","0"
"neg_229.png","0"
"neg_230.png","0"
"neg_231.png","0"
"neg_232.png","0"
"neg_233.png","0"
"neg_234.png","0"
"neg_235.png","0"
"neg_236.png","0"
"neg_237.png","0"
"neg_238.png","0"
"neg_239.png","0"
"neg_240.png","0"
"neg_241.png","0"
"neg_242.png","0"
"neg_243.png","0"
"neg_244.png","0"
"neg_245.png","0"
"neg_246.png","0"
"neg_247.png","0"
"neg_248.png","0"
"neg_249.png","0"
"neg_250.png","0"
"neg_251.png","0"
"neg_252.png","0"
"neg_253.png","0"
"neg_254.png","0"
"pos_0.png","1"
"pos_1.png","1"
"pos_2.png","1"
"pos_3.png","1"
"pos_4.png","1"
"pos_5.png","1"
"pos_6.png","1"
"pos_7.png","1"
"pos_8.png","1"
"pos_9.png","1"
"pos_10.png","1"
"pos_11.png","1"
"pos_12.png","1"
"pos_13.png","1"
"pos_14.png","1"
"pos_15.png","1"
"pos_16.png","1"
"pos_17.png","1"
"pos_18.png","1"
"pos_19.png","1"
"pos_20.png","1"
"pos_21.png","1"
"pos_22.png","1"
"pos_23.png","1"
"pos_24.png","1"
"pos_25.png","1"
"pos_26.png","1"
"pos_27.png","1"
"pos_28.png","1"
"pos_29.png","1"
"pos_30.png","1"
"pos_31.png","1"
"pos_32.png","1"
"pos_33.png","1"
"pos_34.png","1"
"pos_35.png","1"
"pos_36.png","1"
"pos_37.png","1"
"pos_38.png","1"
"pos_39.png","1"
"pos_40.png","1"
"pos_41.png","1"
"pos_42.png","1"
"pos_43.png","1"
"pos_44.png","1"
"pos_45.png","1"
"pos_46.png","1"
"pos_47.png","1"
"pos_48.png","1"
"pos_49.png","1"
"pos_50.png","1"
"pos_51.png","1"
"pos_52.png","1"
"pos_53.png","1"
"pos_54.png","1"
"pos_55.png","1"
"pos_56.png","1"
"pos_57.png","1"
"pos_58.png","1"
"pos_59.png","1"
"pos_60.png","1"
"pos_61.png","1"
"pos_62.png","1"
"pos_63.png","1"
"pos_64.png","1"
"pos_65.png","1"
"pos_66.png","1"
"pos_67.png","1"
"pos_68.png","1"
"pos_69.png","1"
"pos_70.png","1"
"pos_71.png","1"
"pos_72.png","1"
"pos_73.png","1"
"pos_74.png","1"
"pos_75.png","1"
"pos_76.png","1"
"pos_77.png","1"
"pos_78.png","1"
"pos_79.png","1"
"pos_80.png","1"
"pos_81.png","1"
"pos_82.png","1"
"pos_83.png","1"
"pos_84.png","1"
"pos_85.png","1"
"pos_86.png","1"
"pos_87.png","1"
"pos_88.png","1"
"pos_89.png","1"
"pos_90.png","1"
"pos_91.png","1"
"pos_92.png","1"
"pos_93.png","1"
"pos_94.png","1"
"pos_95.png","1"
"pos_96.png","1"
"pos_97.png","1"
"pos_98.png","1"
"pos_99.png","1"
"pos_100.png","1"
"pos_101.png","1"
"pos_102.png","1"
"pos_103.png","1"
"pos_104.png","1"
"pos_105.png","1"
"pos_106.png","1"
"pos_107.png","1"
"pos_108.png","1"
"pos_109.png","1"
"pos_110.png","1"
"pos_111.png","1"
"pos_112.png","1"
"pos_113.png","1"
"pos_114.png","1"
"pos_115.png","1"
"pos_116.png","1"
"pos_117.png","1"
"pos_118.png","1"
"pos_119.png","1"
"pos_120.png","1"
"pos_121.png","1"
"pos_122.png","1"
"pos_123.png","1"
"pos_124.png","1"
"pos_125.png","1"
"pos_126.png","1"
"pos_127.png","1"
"pos_128.png","1"
"pos_129.png","1"
"pos_130.png","1"
"pos_131.png","1"
"pos_132.png","1"
"pos_133.png","1"
"pos_134.png","1"
"pos_135.png","1"
"pos_136.png","1"
"pos_137.png","1"
"pos_138.png","1"
"pos_139.png","1"
"pos_140.png","1"
"pos_141.png","1"
"pos_142.png","1"
"pos_143.png","1"
"pos_144.png","1"
"pos_145.png","1"
"pos_146.png","1"
"pos_147.png","1"
"pos_148.png","1"
"pos_149.png","1"
"pos_150.png","1"
"pos_151.png","1"
"pos_152.png","1"
"pos_153.png","1"
"pos_154.png","1"
"pos_155.png","1"
"pos_156.png","1"
"pos_157.png","1"
"pos_158.png","1"
"pos_159.png","1"
"pos_160.png","1"
"pos_161.png","1"
"pos_162.png","1"
"pos_163.png","1"
"pos_164.png","1"
"pos_165.png","1"
"pos_166.png","1"
"pos_167.png","1"
"pos_168.png","1"
"pos_169.png","1"
"pos_170.png","1"
"pos_171.png","1"
"pos_172.png","1"
"pos_173.png","1"
"pos_174.png","1"
"pos_175.png","1"
"pos_176.png","1"
"pos_177.png","1"
"pos_178.png","1"
"pos_179.png","1"
"pos_180.png","1"
"pos_181.png","1"
"pos_182.png","1"
"pos_183.png","1"
"pos_184.png","1"
"pos_185.png","1"
"pos_186.png","1"
"pos_187.png","1"
"pos_188.png","1"
"pos_189.png","1"
"pos_190.png","1"
"pos_191.png","1"
"pos_192.png","1"
"pos_193.png","1"
"pos_194.png","1"
"pos_195.png","1"
"pos_196.png","1"
"pos_197.png","1"
"pos_198.png","1"
"pos_199.png","1"
"pos_200.png","1"
"pos_201.png","1"
"pos_202.png","1"
"pos_203.png","1"
"pos_204.png","1"
"pos_205.png","1"
"pos_206.png","1"
"pos_207.png","1"
"pos_208.png","1"
"pos_209.png","1"
"pos_210.png","1"
"pos_211.png","1"
"pos_212.png","1"
"pos_213.png","1"
"pos_214.png","1"
"pos_215.png","1"
"pos_216.png","1"
"pos_217.png","1"
"pos_218.png","1"
"pos_219.png","1"
"pos_220.png","1"
"pos_221.png","1"
"pos_222.png","1"
"pos_223.png","1"
"pos_224.png","1"
"pos_225.png","1"
"pos_226.png","1"
"pos_227.png","1"
"pos_228.png","1"
"pos_229.png","1"
"pos_230.png","1"
"pos_231.png","1"
"pos_232.png","1"
"pos_233.png","1"
"pos_234.png","1"
"pos_235.png","1"
"pos_236.png","1"
"pos_237.png","1"
"pos_238.png","1"
"pos_239.png","1"
"pos_240.png","1"
"pos_241.png","1"
"pos_242.png","1"
"pos_243.png","1"
"pos_244.png","1"
"pos_245.png","1"
"pos_246.png","1"
"pos_247.png","1"
"pos_248.png","1"
"pos_249.png","1"
"pos_250.png","1"
"pos_251.png","1"
"pos_252.png","1"
"pos_253.png","1"
"pos_254.png","1"
